{
  "p349_north": 1.8245220032057428,
  "p349_east": 0.7065998946784139,
  "p349_vert": 1.1191561085796224,
  "p380_north": 1.345760643389677,
  "p380_east": 0.7227471221838795,
  "p380_vert": 0.8915741423323813,
  "p434_north": 0.7676980716867131,
  "p434_east": 0.7194978987696237,
  "p434_vert": 0.501110177357872,
  "p441_north": 0.25744446443075836,
  "p441_east": 0.016225205961558412,
  "p441_vert": -0.2151672033051615
}