{
  "p349_north": [
    -3.3322690930244585,
    6.918181847605261,
    0.03229880542202678,
    -0.7911755003153931,
    0.2651550676540767,
    -0.0655757658020404
  ],
  "p349_east": [
    2.0641245935826054,
    -7.039656104532445,
    -0.24135330026654633,
    0.028956461352015513,
    -0.06852444945013496,
    0.01262143294035552
  ],
  "p349_vert": [
    -0.8441526832888024,
    -1.3181134904460095,
    -3.525808416832223,
    8.331341958817024,
    -1.4031330350665066,
    -0.22375264252475688
  ],
  "p380_north": [
    2.961521126361686,
    4.839341647087615,
    0.1461920282431287,
    -0.06257764366938043,
    -0.04422152391627098,
    -0.2225331011670423
  ],
  "p380_east": [
    1.7567400231738448,
    -2.1897633013401343,
    0.10697949744928463,
    -1.1359554595828505,
    -0.1034739565594491,
    0.10956084354784759
  ],
  "p380_vert": [
    0.8264667585781303,
    -1.057560370810164,
    0.05678911322009709,
    -4.227757230648768,
    -0.46147824881797145,
    0.8987195905955547
  ],
  "p434_north": [
    -2.4124350096409954,
    2.1240497809038317,
    -1.2583924437988234,
    -0.20886255097188838,
    -0.07544095791619625,
    0.5357117960092318
  ],
  "p434_east": [
    -0.6929939241956233,
    3.0956917135532582,
    0.29115609358607436,
    0.14761623900803422,
    0.20796035361255716,
    0.31032887931236863
  ],
  "p434_vert": [
    2.0714164571985103,
    -1.0924029069233956,
    9.337226171994244,
    -0.005812659615136088,
    1.1297154422811595,
    -0.5181065609660974
  ],
  "p441_north": [
    0.11564033429453781,
    2.234503430288401,
    -0.19971230801733997,
    -0.20783938962456489,
    -0.1432408949936878,
    -0.08321304391245962
  ],
  "p441_east": [
    -1.4993075836581218,
    3.963518046543511,
    -0.19043365297132828,
    -0.5759968220419627,
    -0.6281324644930959,
    0.2828026174933163
  ],
  "p441_vert": [
    2.0992352112919974,
    -0.1365992011998512,
    2.243879664140616,
    7.414437916151986,
    0.3398440118984838,
    1.5911911516189075
  ]
}